daily,f0_
2013-01-01,56953
2013-01-02,36830
2013-01-03,38808
2013-01-04,50391
2013-01-05,48352
2013-01-06,37549
2013-01-07,40173
2013-01-08,39394
2013-01-09,42443
2013-01-10,50096
2013-01-11,57220
2013-01-12,58749
2013-01-13,45401
2013-01-14,44555
2013-01-15,44300
2013-01-16,49059
2013-01-17,54232
2013-01-18,64849
2013-01-19,63762
2013-01-20,55986
2013-01-21,46159
2013-01-22,55426
2013-01-23,56229
2013-01-24,59459
2013-01-25,67778
2013-01-26,66052
2013-01-27,51840
2013-01-28,45322
2013-01-29,48646
2013-01-30,53266
2013-01-31,60583
2013-02-01,71272
2013-02-02,64159
2013-02-03,51344
2013-02-04,50679
2013-02-05,51862
2013-02-06,54305
2013-02-07,64702
2013-02-08,75030
2013-02-09,69166
2013-02-10,53646
2013-02-11,52787
2013-02-12,54127
2013-02-13,56182
2013-02-14,63495
2013-02-15,77743
2013-02-16,86193
2013-02-17,71185
2013-02-18,47520
2013-02-19,61244
2013-02-20,66512
2013-02-21,73897
2013-02-22,83698
2013-02-23,84190
2013-02-24,62752
2013-02-25,56066
2013-02-26,58463
2013-02-27,64234
2013-02-28,73800
2013-03-01,89967
2013-03-02,88234
2013-03-03,70969
2013-03-04,65841
2013-03-05,58436
2013-03-06,66191
2013-03-07,71752
2013-03-08,82931
2013-03-09,80623
2013-03-10,65338
2013-03-11,67022
2013-03-12,67319
2013-03-13,71989
2013-03-14,79022
2013-03-15,95706
2013-03-16,132541
2013-03-17,78966
2013-03-18,68590
2013-03-19,71316
2013-03-20,70854
2013-03-21,78727
2013-03-22,90709
2013-03-23,82433
2013-03-24,60820
2013-03-25,50875
2013-03-26,52958
2013-03-27,56457
2013-03-28,63865
2013-03-29,70101
2013-03-30,64297
2013-03-31,46523
2013-04-01,52994
2013-04-02,56921
2013-04-03,62325
2013-04-04,68166
2013-04-05,84988
2013-04-06,81113
2013-04-07,65599
2013-04-08,61193
2013-04-09,63229
2013-04-10,66145
2013-04-11,74961
2013-04-12,86618
2013-04-13,85445
2013-04-14,66303
2013-04-15,62408
2013-04-16,65283
2013-04-17,75911
2013-04-18,74780
2013-04-19,89378
2013-04-20,86061
2013-04-21,67259
2013-04-22,59122
2013-04-23,71748
2013-04-24,69450
2013-04-25,74992
2013-04-26,81976
2013-04-27,83822
2013-04-28,64624
2013-04-29,53777
2013-04-30,60072
2013-05-01,64288
2013-05-02,75401
2013-05-03,89842
2013-05-04,85529
2013-05-05,68048
2013-05-06,59362
2013-05-07,63420
2013-05-08,66979
2013-05-09,78111
2013-05-10,85712
2013-05-11,76164
2013-05-12,58942
2013-05-13,59543
2013-05-14,62447
2013-05-15,69170
2013-05-16,75392
2013-05-17,92021
2013-05-18,93211
2013-05-19,81733
2013-05-20,70556
2013-05-21,69697
2013-05-22,69963
2013-05-23,81161
2013-05-24,78493
2013-05-25,79578
2013-05-26,71121
2013-05-27,44633
2013-05-28,60221
2013-05-29,66707
2013-05-30,73509
2013-05-31,90002
2013-06-01,96641
2013-06-02,78723
2013-06-03,66947
2013-06-04,70131
2013-06-05,71164
2013-06-06,79628
2013-06-07,88888
2013-06-08,96595
2013-06-09,80348
2013-06-10,69749
2013-06-11,73062
2013-06-12,74508
2013-06-13,80010
2013-06-14,89934
2013-06-15,93621
2013-06-16,75381
2013-06-17,67316
2013-06-18,68504
2013-06-19,71553
2013-06-20,75429
2013-06-21,89722
2013-06-22,92159
2013-06-23,80300
2013-06-24,70138
2013-06-25,72888
2013-06-26,69305
2013-06-27,76324
2013-06-28,95828
2013-06-29,93765
2013-06-30,77836
2013-07-01,57288
2013-07-02,56979
2013-07-03,65781
2013-07-04,65732
2013-07-05,70849
2013-07-06,75749
2013-07-07,62269
2013-07-08,60807
2013-07-09,64470
2013-07-10,69461
2013-07-11,77688
2013-07-12,88910
2013-07-13,99427
2013-07-14,80448
2013-07-15,68050
2013-07-16,71019
2013-07-17,74925
2013-07-18,82109
2013-07-19,98867
2013-07-20,102618
2013-07-21,83421
2013-07-22,70472
2013-07-23,67816
2013-07-24,67681
2013-07-25,74708
2013-07-26,86164
2013-07-27,89905
2013-07-28,72649
2013-07-29,59357
2013-07-30,65067
2013-07-31,71891
2013-08-01,78530
2013-08-02,97686
2013-08-03,97044
2013-08-04,82245
2013-08-05,65181
2013-08-06,60891
2013-08-07,69777
2013-08-08,72061
2013-08-09,87319
2013-08-10,92982
2013-08-11,75267
2013-08-12,63076
2013-08-13,65386
2013-08-14,73045
2013-08-15,78693
2013-08-16,92406
2013-08-17,98730
2013-08-18,75602
2013-08-19,59931
2013-08-20,66899
2013-08-21,74458
2013-08-22,82004
2013-08-23,88326
2013-08-24,90734
2013-08-25,73103
2013-08-26,60487
2013-08-27,66867
2013-08-28,68275
2013-08-29,75703
2013-08-30,88264
2013-08-31,89551
2013-09-01,84179
2013-09-02,50784
2013-09-03,54662
2013-09-04,59592
2013-09-05,64450
2013-09-06,83364
2013-09-07,90780
2013-09-08,77644
2013-09-09,69538
2013-09-10,73042
2013-09-11,74608
2013-09-12,80803
2013-09-13,92711
2013-09-14,97574
2013-09-15,84555
2013-09-16,66630
2013-09-17,68830
2013-09-18,80429
2013-09-19,83538
2013-09-20,97427
2013-09-21,98962
2013-09-22,79154
2013-09-23,67227
2013-09-24,70983
2013-09-25,77066
2013-09-26,82300
2013-09-27,91439
2013-09-28,92250
2013-09-29,79921
2013-09-30,68129
2013-10-01,72325
2013-10-02,76115
2013-10-03,84265
2013-10-04,91950
2013-10-05,96762
2013-10-06,82681
2013-10-07,69440
2013-10-08,72659
2013-10-09,76714
2013-10-10,85118
2013-10-11,96751
2013-10-12,95719
2013-10-13,83323
2013-10-14,65158
2013-10-15,71949
2013-10-16,74334
2013-10-17,88753
2013-10-18,102620
2013-10-19,100499
2013-10-20,78027
2013-10-21,71677
2013-10-22,76379
2013-10-23,82661
2013-10-24,90023
2013-10-25,101049
2013-10-26,101349
2013-10-27,84359
2013-10-28,66359
2013-10-29,70674
2013-10-30,75922
2013-10-31,83784
2013-11-01,107127
2013-11-02,98840
2013-11-03,80011
2013-11-04,68861
2013-11-05,78516
2013-11-06,88883
2013-11-07,90295
2013-11-08,100565
2013-11-09,101080
2013-11-10,85337
2013-11-11,71429
2013-11-12,77542
2013-11-13,84567
2013-11-14,87692
2013-11-15,103952
2013-11-16,109288
2013-11-17,86247
2013-11-18,78655
2013-11-19,79102
2013-11-20,86534
2013-11-21,89006
2013-11-22,103494
2013-11-23,101467
2013-11-24,74087
2013-11-25,67712
2013-11-26,70254
2013-11-27,75141
2013-11-28,47613
2013-11-29,57965
2013-11-30,78027
2013-12-01,69822
2013-12-02,83086
2013-12-03,84876
2013-12-04,85832
2013-12-05,99739
2013-12-06,119991
2013-12-07,117593
2013-12-08,86114
2013-12-09,86699
2013-12-10,88308
2013-12-11,91426
2013-12-12,102651
2013-12-13,118018
2013-12-14,116257
2013-12-15,87565
2013-12-16,81770
2013-12-17,84897
2013-12-18,91036
2013-12-19,97616
2013-12-20,110661
2013-12-21,98595
2013-12-22,70241
2013-12-23,72051
2013-12-24,45163
2013-12-25,19934
2013-12-26,44106
2013-12-27,66373
2013-12-28,76024
2013-12-29,76237
2013-12-30,75064
2013-12-31,99423
2014-01-01,81884
2014-01-02,59305
2014-01-03,77552
2014-01-04,73649
2014-01-05,55488
2014-01-06,53168
2014-01-07,63534
2014-01-08,75086
2014-01-09,82433
2014-01-10,94464
2014-01-11,90624
2014-01-12,73522
2014-01-13,67248
2014-01-14,73453
2014-01-15,79199
2014-01-16,85667
2014-01-17,103154
2014-01-18,100233
2014-01-19,82131
2014-01-20,60996
2014-01-21,72706
2014-01-22,80345
2014-01-23,90474
2014-01-24,104167
2014-01-25,101230
2014-01-26,73934
2014-01-27,69451
2014-01-28,71104
2014-01-29,79625
2014-01-30,83411
2014-01-31,99297
2014-02-01,91709
2014-02-02,76923
2014-02-03,74207
2014-02-04,75856
2014-02-05,75446
2014-02-06,95353
2014-02-07,109486
2014-02-08,103138
2014-02-09,76583
2014-02-10,77477
2014-02-11,81616
2014-02-12,83336
2014-02-13,90514
2014-02-14,112048
2014-02-15,111416
2014-02-16,86962
2014-02-17,60858
2014-02-18,77328
2014-02-19,82994
2014-02-20,99789
2014-02-21,115215
2014-02-22,110347
2014-02-23,83492
2014-02-24,75486
2014-02-25,81868
2014-02-26,90602
2014-02-27,98748
2014-02-28,110654
2014-03-01,111084
2014-03-02,85677
2014-03-03,81162
2014-03-04,87762
2014-03-05,90411
2014-03-06,97297
2014-03-07,106816
2014-03-08,113171
2014-03-09,85073
2014-03-10,78208
2014-03-11,85733
2014-03-12,94250
2014-03-13,105723
2014-03-14,124267
2014-03-15,170271
2014-03-16,105613
2014-03-17,95303
2014-03-18,90869
2014-03-19,96378
2014-03-20,101673
2014-03-21,115462
2014-03-22,115657
2014-03-23,98798
2014-03-24,86403
2014-03-25,89217
2014-03-26,92556
2014-03-27,102815
2014-03-28,117037
2014-03-29,115390
2014-03-30,96231
2014-03-31,82225
2014-04-01,89404
2014-04-02,91703
2014-04-03,108926
2014-04-04,129657
2014-04-05,124455
2014-04-06,100114
2014-04-07,86305
2014-04-08,92234
2014-04-09,100070
2014-04-10,104500
2014-04-11,114805
2014-04-12,115974
2014-04-13,96475
2014-04-14,92203
2014-04-15,96592
2014-04-16,99858
2014-04-17,104517
2014-04-18,114369
2014-04-19,103921
2014-04-20,75007
2014-04-21,80875
2014-04-22,91819
2014-04-23,104882
2014-04-24,112433
2014-04-25,123501
2014-04-26,131306
2014-04-27,103028
2014-04-28,93491
2014-04-29,91707
2014-04-30,101525
2014-05-01,110422
2014-05-02,128012
2014-05-03,132152
2014-05-04,107290
2014-05-05,100353
2014-05-06,99297
2014-05-07,97848
2014-05-08,105679
2014-05-09,125721
2014-05-10,118866
2014-05-11,91614
2014-05-12,89882
2014-05-13,100368
2014-05-14,110007
2014-05-15,122977
2014-05-16,145079
2014-05-17,140714
2014-05-18,124794
2014-05-19,106868
2014-05-20,109390
2014-05-21,110744
2014-05-22,110756
2014-05-23,117513
2014-05-24,119469
2014-05-25,111769
2014-05-26,75697
2014-05-27,90429
2014-05-28,97979
2014-05-29,107169
2014-05-30,132366
2014-05-31,137268
2014-06-01,118874
2014-06-02,101495
2014-06-03,100505
2014-06-04,110634
2014-06-05,109907
2014-06-06,127222
2014-06-07,137068
2014-06-08,119289
2014-06-09,105064
2014-06-10,125697
2014-06-11,117513
2014-06-12,117031
2014-06-13,128386
2014-06-14,137270
2014-06-15,102224
2014-06-16,96822
2014-06-17,99615
2014-06-18,113513
2014-06-19,120933
2014-06-20,135055
2014-06-21,134205
2014-06-22,112288
2014-06-23,96004
2014-06-24,102808
2014-06-25,110058
2014-06-26,122360
2014-06-27,133478
2014-06-28,137248
2014-06-29,110824
2014-06-30,91511
2014-07-01,90398
2014-07-02,96220
2014-07-03,93947
2014-07-04,104478
2014-07-05,103973
2014-07-06,83135
2014-07-07,80255
2014-07-08,85476
2014-07-09,96701
2014-07-10,107428
2014-07-11,129330
2014-07-12,135000
2014-07-13,109547
2014-07-14,91133
2014-07-15,95563
2014-07-16,103698
2014-07-17,111906
2014-07-18,131890
2014-07-19,142140
2014-07-20,114589
2014-07-21,93777
2014-07-22,99370
2014-07-23,103408
2014-07-24,114703
2014-07-25,133012
2014-07-26,136481
2014-07-27,113907
2014-07-28,91709
2014-07-29,99246
2014-07-30,105980
2014-07-31,115640
2014-08-01,130504
2014-08-02,131556
2014-08-03,119513
2014-08-04,98888
2014-08-05,92354
2014-08-06,96712
2014-08-07,107608
2014-08-08,128286
2014-08-09,130570
2014-08-10,104765
2014-08-11,93028
2014-08-12,95638
2014-08-13,101394
2014-08-14,113628
2014-08-15,123235
2014-08-16,129762
2014-08-17,101607
2014-08-18,86232
2014-08-19,99572
2014-08-20,103874
2014-08-21,115482
2014-08-22,129850
2014-08-23,130233
2014-08-24,105729
2014-08-25,89037
2014-08-26,89485
2014-08-27,92445
2014-08-28,100626
2014-08-29,115963
2014-08-30,120753
2014-08-31,117596
2014-09-01,73886
2014-09-02,78737
2014-09-03,88412
2014-09-04,103595
2014-09-05,122620
2014-09-06,122387
2014-09-07,108574
2014-09-08,93703
2014-09-09,101560
2014-09-10,114818
2014-09-11,118165
2014-09-12,139410
2014-09-13,132599
2014-09-14,109550
2014-09-15,94243
2014-09-16,97653
2014-09-17,107101
2014-09-18,117213
2014-09-19,133433
2014-09-20,130882
2014-09-21,107627
2014-09-22,97896
2014-09-23,98888
2014-09-24,100123
2014-09-25,102800
2014-09-26,118734
2014-09-27,129441
2014-09-28,111498
2014-09-29,97881
2014-09-30,104086
2014-10-01,105485
2014-10-02,114144
2014-10-03,129970
2014-10-04,119442
2014-10-05,95026
2014-10-06,91788
2014-10-07,97602
2014-10-08,103962
2014-10-09,113443
2014-10-10,130184
2014-10-11,124359
2014-10-12,109102
2014-10-13,97362
2014-10-14,110196
2014-10-15,111649
2014-10-16,119504
2014-10-17,140075
2014-10-18,145230
2014-10-19,122988
2014-10-20,101361
2014-10-21,104195
2014-10-22,105117
2014-10-23,112268
2014-10-24,122352
2014-10-25,119649
2014-10-26,104141
2014-10-27,94472
2014-10-28,104733
2014-10-29,109370
2014-10-30,113364
2014-10-31,138303
2014-11-01,154858
2014-11-02,111905
2014-11-03,100724
2014-11-04,107992
2014-11-05,106733
2014-11-06,109195
2014-11-07,116472
2014-11-08,111508
2014-11-09,89507
2014-11-10,80021
2014-11-11,86803
2014-11-12,98666
2014-11-13,106731
2014-11-14,120672
2014-11-15,116502
2014-11-16,98514
2014-11-17,103131
2014-11-18,102235
2014-11-19,100273
2014-11-20,108360
2014-11-21,116811
2014-11-22,100421
2014-11-23,86888
2014-11-24,84176
2014-11-25,84436
2014-11-26,77823
2014-11-27,52424
2014-11-28,64701
2014-11-29,82033
2014-11-30,76341
2014-12-01,99350
2014-12-02,103526
2014-12-03,107551
2014-12-04,116504
2014-12-05,126803
2014-12-06,120894
2014-12-07,89380
2014-12-08,86525
2014-12-09,92114
2014-12-10,96552
2014-12-11,110132
2014-12-12,129454
2014-12-13,119363
2014-12-14,89516
2014-12-15,91042
2014-12-16,95215
2014-12-17,102760
2014-12-18,112863
2014-12-19,121958
2014-12-20,106048
2014-12-21,84043
2014-12-22,82504
2014-12-23,73136
2014-12-24,48058
2014-12-25,21558
2014-12-26,46579
2014-12-27,66231
2014-12-28,62314
2014-12-29,65500
2014-12-30,77624
2014-12-31,99016
2015-01-01,91703
2015-01-02,68769
2015-01-03,71289
2015-01-04,60807
2015-01-05,74851
2015-01-06,78800
2015-01-07,77134
2015-01-08,83281
2015-01-09,103250
2015-01-10,89510
2015-01-11,72195
2015-01-12,82645
2015-01-13,84760
2015-01-14,90016
2015-01-15,91223
2015-01-16,102549
2015-01-17,95128
2015-01-18,80686
2015-01-19,60664
2015-01-20,76661
2015-01-21,79762
2015-01-22,89150
2015-01-23,101895
2015-01-24,93718
2015-01-25,87994
2015-01-26,94392
2015-01-27,91782
2015-01-28,88431
2015-01-29,90285
2015-01-30,106390
2015-01-31,94099
2015-02-01,58775
2015-02-02,74475
2015-02-03,87301
2015-02-04,94309
2015-02-05,102110
2015-02-06,109119
2015-02-07,102018
2015-02-08,77725
2015-02-09,83472
2015-02-10,85090
2015-02-11,89695
2015-02-12,102987
2015-02-13,119704
2015-02-14,124462
2015-02-15,84004
2015-02-16,72269
2015-02-17,86691
2015-02-18,99787
2015-02-19,104068
2015-02-20,117970
2015-02-21,109350
2015-02-22,92104
2015-02-23,91243
2015-02-24,93496
2015-02-25,97435
2015-02-26,108075
2015-02-27,124686
2015-02-28,111542
2015-03-01,81259
2015-03-02,80992
2015-03-03,88791
2015-03-04,92547
2015-03-05,105504
2015-03-06,122016
2015-03-07,108824
2015-03-08,89138
2015-03-09,88920
2015-03-10,85875
2015-03-11,89597
2015-03-12,99300
2015-03-13,114853
2015-03-14,152559
2015-03-15,87976
2015-03-16,78518
2015-03-17,94926
2015-03-18,94263
2015-03-19,100225
2015-03-20,110955
2015-03-21,107421
2015-03-22,91170
2015-03-23,91263
2015-03-24,94881
2015-03-25,94614
2015-03-26,97356
2015-03-27,112476
2015-03-28,102529
2015-03-29,82971
2015-03-30,74039
2015-03-31,77773
2015-04-01,80771
2015-04-02,92034
2015-04-03,94560
2015-04-04,82694
2015-04-05,69412
2015-04-06,76629
2015-04-07,85230
2015-04-08,87455
2015-04-09,94424
2015-04-10,107572
2015-04-11,99154
2015-04-12,86291
2015-04-13,93002
2015-04-14,98914
2015-04-15,102882
2015-04-16,103167
2015-04-17,112371
2015-04-18,112837
2015-04-19,88611
2015-04-20,86390
2015-04-21,90795
2015-04-22,97957
2015-04-23,101945
2015-04-24,114591
2015-04-25,103831
2015-04-26,84885
2015-04-27,82362
2015-04-28,84488
2015-04-29,92114
2015-04-30,102244
2015-05-01,111794
2015-05-02,111634
2015-05-03,97639
2015-05-04,86693
2015-05-05,99653
2015-05-06,99224
2015-05-07,102002
2015-05-08,107706
2015-05-09,95734
2015-05-10,76835
2015-05-11,86201
2015-05-12,93250
2015-05-13,98228
2015-05-14,107038
2015-05-15,117599
2015-05-16,114881
2015-05-17,101856
2015-05-18,98067
2015-05-19,101508
2015-05-20,99226
2015-05-21,97556
2015-05-22,97320
2015-05-23,92531
2015-05-24,86631
2015-05-25,58082
2015-05-26,79442
2015-05-27,86036
2015-05-28,98539
2015-05-29,116501
2015-05-30,124517
2015-05-31,98959
2015-06-01,93889
2015-06-02,92113
2015-06-03,93392
2015-06-04,97489
2015-06-05,106752
2015-06-06,103024
2015-06-07,81553
2015-06-08,87351
2015-06-09,90216
2015-06-10,96460
2015-06-11,104060
2015-06-12,116780
2015-06-13,119217
2015-06-14,102501
2015-06-15,105960
2015-06-16,105878
2015-06-17,97561
2015-06-18,102389
2015-06-19,107274
2015-06-20,103988
2015-06-21,76406
2015-06-22,82075
2015-06-23,85595
2015-06-24,95008
2015-06-25,100789
2015-06-26,106927
2015-06-27,91711
2015-06-28,86057
2015-06-29,75871
2015-06-30,76440
2015-07-01,81115
2015-07-02,88085
2015-07-03,93291
2015-07-04,97373
2015-07-05,85154
2015-07-06,85142
2015-07-07,80706
2015-07-08,84652
2015-07-09,92765
2015-07-10,103617
2015-07-11,104292
2015-07-12,73324
2015-07-13,69664
2015-07-14,71846
2015-07-15,72608
2015-07-16,78952
2015-07-17,81227
2015-07-18,81804
2015-07-19,85351
2015-07-20,78225
2015-07-21,77364
2015-07-22,84695
2015-07-23,91203
2015-07-24,102198
2015-07-25,101835
2015-07-26,77967
2015-07-27,75150
2015-07-28,83394
2015-07-29,90973
2015-07-30,98976
2015-07-31,105898
2015-08-01,99035
2015-08-02,89621
2015-08-03,80753
2015-08-04,75202
2015-08-05,82142
2015-08-06,91331
2015-08-07,101887
2015-08-08,96447
2015-08-09,77070
2015-08-10,74549
2015-08-11,79012
2015-08-12,84515
2015-08-13,94579
2015-08-14,103557
2015-08-15,96352
2015-08-16,81466
2015-08-17,78539
2015-08-18,83884
2015-08-19,88764
2015-08-20,92100
2015-08-21,100832
2015-08-22,92739
2015-08-23,75037
2015-08-24,71814
2015-08-25,73049
2015-08-26,78216
2015-08-27,85943
2015-08-28,91393
2015-08-29,85920
2015-08-30,70088
2015-08-31,67986
2015-09-01,75559
2015-09-02,80451
2015-09-03,87886
2015-09-04,88931
2015-09-05,83821
2015-09-06,84608
2015-09-07,55052
2015-09-08,74567
2015-09-09,76634
2015-09-10,88244
2015-09-11,101122
2015-09-12,92295
2015-09-13,79018
2015-09-14,77109
2015-09-15,84946
2015-09-16,92084
2015-09-17,98089
2015-09-18,108726
2015-09-19,95813
2015-09-20,82355
2015-09-21,74684
2015-09-22,76871
2015-09-23,77663
2015-09-24,85029
2015-09-25,98169
2015-09-26,92666
2015-09-27,81146
2015-09-28,84844
2015-09-29,93334
2015-09-30,89529
2015-10-01,91919
2015-10-02,97511
2015-10-03,90088
2015-10-04,76366
2015-10-05,78594
2015-10-06,82924
2015-10-07,91991
2015-10-08,77381
2015-10-09,96995
2015-10-10,86395
2015-10-11,74867
2015-10-12,76117
2015-10-13,89987
2015-10-14,90082
2015-10-15,97200
2015-10-16,106959
2015-10-17,93868
2015-10-18,76475
2015-10-19,79672
2015-10-20,88110
2015-10-21,89810
2015-10-22,90383
2015-10-23,100122
2015-10-24,88006
2015-10-25,73037
2015-10-26,76995
2015-10-27,84824
2015-10-28,85099
2015-10-29,90118
2015-10-30,93061
2015-10-31,87007
2015-11-01,87111
2015-11-02,73643
2015-11-03,79029
2015-11-04,84461
2015-11-05,91000
2015-11-06,100708
2015-11-07,88243
2015-11-08,75180
2015-11-09,78726
2015-11-10,82576
2015-11-11,82157
2015-11-12,96730
2015-11-13,97295
2015-11-14,79325
2015-11-15,67476
2015-11-16,76464
2015-11-17,88074
2015-11-18,88637
2015-11-19,96177
2015-11-20,98079
2015-11-21,86093
2015-11-22,70532
2015-11-23,68311
2015-11-24,68669
2015-11-25,59708
2015-11-26,37348
2015-11-27,50464
2015-11-28,67117
2015-11-29,61694
2015-11-30,85007
2015-12-01,88647
2015-12-02,93558
2015-12-03,100883
2015-12-04,104867
2015-12-05,90897
2015-12-06,71124
2015-12-07,72446
2015-12-08,76539
2015-12-09,81278
2015-12-10,93863
2015-12-11,103596
2015-12-12,89864
2015-12-13,72054
2015-12-14,75409
2015-12-15,80736
2015-12-16,89542
2015-12-17,101633
2015-12-18,109067
2015-12-19,87288
2015-12-20,62612
2015-12-21,69043
2015-12-22,69498
2015-12-23,62500
2015-12-24,39185
2015-12-25,17827
2015-12-26,36356
2015-12-27,45928
2015-12-28,61533
2015-12-29,59029
2015-12-30,65915
2015-12-31,72195
2016-01-01,97197
2016-01-02,68999
2016-01-03,59284
2016-01-04,67764
2016-01-05,71733
2016-01-06,75721
2016-01-07,80097
2016-01-08,92762
2016-01-09,75588
2016-01-10,64965
2016-01-11,82652
2016-01-12,87100
2016-01-13,91411
2016-01-14,88775
2016-01-15,99031
2016-01-16,84270
2016-01-17,75169
2016-01-18,66991
2016-01-19,86844
2016-01-20,89479
2016-01-21,94166
2016-01-22,99174
2016-01-23,79738
2016-01-24,65756
2016-01-25,77559
2016-01-26,80788
2016-01-27,83963
2016-01-28,90281
2016-01-29,96411
2016-01-30,74888
2016-01-31,61799
2016-02-01,71237
2016-02-02,86670
2016-02-03,82487
2016-02-04,89760
2016-02-05,92790
2016-02-06,75694
2016-02-07,63940
2016-02-08,79111
2016-02-09,89847
2016-02-10,95050
2016-02-11,101314
2016-02-12,110008
2016-02-13,99975
2016-02-14,86253
2016-02-15,70926
2016-02-16,86223
2016-02-17,91029
2016-02-18,97736
2016-02-19,104161
2016-02-20,94317
2016-02-21,76365
2016-02-22,78247
2016-02-23,83892
2016-02-24,93810
2016-02-25,105808
2016-02-26,113269
2016-02-27,94284
2016-02-28,73000
2016-02-29,81220
2016-03-01,89365
2016-03-02,92769
2016-03-03,102020
2016-03-04,111202
2016-03-05,93913
2016-03-06,81280
2016-03-07,86128
2016-03-08,86982
2016-03-09,87003
2016-03-10,99931
2016-03-11,112634
2016-03-12,133269
2016-03-13,85439
2016-03-14,89280
2016-03-15,91487
2016-03-16,99145
2016-03-17,108049
2016-03-18,115932
2016-03-19,96832
2016-03-20,77330
2016-03-21,78638
2016-03-22,81017
2016-03-23,93187
2016-03-24,107787
2016-03-25,96372
2016-03-26,82732
2016-03-27,65311
2016-03-28,73250
2016-03-29,78057
2016-03-30,89492
2016-03-31,65259
2016-04-01,112244
2016-04-02,105494
2016-04-03,85906
2016-04-04,96532
2016-04-05,93777
2016-04-06,102730
2016-04-07,106911
2016-04-08,114581
2016-04-09,97229
2016-04-10,73956
2016-04-11,84315
2016-04-12,90409
2016-04-13,96272
2016-04-14,100550
2016-04-15,109379
2016-04-16,96218
2016-04-17,79474
2016-04-18,83623
2016-04-19,94770
2016-04-20,98510
2016-04-21,96000
2016-04-22,101463
2016-04-23,81499
2016-04-24,70476
2016-04-25,76241
2016-04-26,92271
2016-04-27,99011
2016-04-28,102287
2016-04-29,110467
2016-04-30,101676
2016-05-01,75462
2016-05-02,81638
2016-05-03,85499
2016-05-04,94115
2016-05-05,102208
2016-05-06,106342
2016-05-07,91775
2016-05-08,69273
2016-05-09,94032
2016-05-10,100933
2016-05-11,101034
2016-05-12,105702
2016-05-13,114784
2016-05-14,96090
2016-05-15,77354
2016-05-16,79631
2016-05-17,89819
2016-05-18,93984
2016-05-19,99507
2016-05-20,110936
2016-05-21,99756
2016-05-22,92473
2016-05-23,96493
2016-05-24,94912
2016-05-25,96026
2016-05-26,95690
2016-05-27,98987
2016-05-28,88282
2016-05-29,84226
2016-05-30,61136
2016-05-31,81030
2016-06-01,89328
2016-06-02,100564
2016-06-03,115886
2016-06-04,97706
2016-06-05,90844
2016-06-06,92122
2016-06-07,97302
2016-06-08,94721
2016-06-09,100365
2016-06-10,109741
2016-06-11,108708
2016-06-12,92717
2016-06-13,93399
2016-06-14,95114
2016-06-15,96928
2016-06-16,96161
2016-06-17,106109
2016-06-18,96306
2016-06-19,83705
2016-06-20,92881
2016-06-21,93286
2016-06-22,99394
2016-06-23,97218
2016-06-24,98524
2016-06-25,95630
2016-06-26,78527
2016-06-27,77650
2016-06-28,78194
2016-06-29,83172
2016-06-30,89635
2016-07-01,83691
2016-07-02,72971
2016-07-03,67811
2016-07-04,58299
2016-07-05,67092
2016-07-06,74212
2016-07-07,81236
2016-07-08,89809
2016-07-09,83074
2016-07-10,70268
2016-07-11,80749
2016-07-12,84797
2016-07-13,93731
2016-07-14,97716
2016-07-15,105418
2016-07-16,96652
2016-07-17,82797
2016-07-18,87680
2016-07-19,93243
2016-07-20,95157
2016-07-21,103004
2016-07-22,103664
2016-07-23,98501
2016-07-24,77679
2016-07-25,82612
2016-07-26,86774
2016-07-27,98123
2016-07-28,102806
2016-07-29,110174
2016-07-30,95590
2016-07-31,57547
2016-08-01,84577
2016-08-02,80623
2016-08-03,87305
2016-08-04,91304
2016-08-05,90341
2016-08-06,81400
2016-08-07,68020
2016-08-08,73812
2016-08-09,85280
2016-08-10,91358
2016-08-11,101006
2016-08-12,108656
2016-08-13,89263
2016-08-14,74712
2016-08-15,82133
2016-08-16,83646
2016-08-17,90717
2016-08-18,97001
2016-08-19,96481
2016-08-20,87137
2016-08-21,76835
2016-08-22,75200
2016-08-23,80071
2016-08-24,84203
2016-08-25,86152
2016-08-26,91848
2016-08-27,85495
2016-08-28,68418
2016-08-29,75032
2016-08-30,81335
2016-08-31,80095
2016-09-01,85435
2016-09-02,84402
2016-09-03,74187
2016-09-04,70241
2016-09-05,47975
2016-09-06,74813
2016-09-07,82689
2016-09-08,88854
2016-09-09,91703
2016-09-10,73586
2016-09-11,66816
2016-09-12,77669
2016-09-13,89092
2016-09-14,95982
2016-09-15,103565
2016-09-16,108093
2016-09-17,86924
2016-09-18,72554
2016-09-19,89007
2016-09-20,87962
2016-09-21,95115
2016-09-22,99521
2016-09-23,102519
2016-09-24,87698
2016-09-25,73518
2016-09-26,78372
2016-09-27,82684
2016-09-28,98272
2016-09-29,96029
2016-09-30,67342
2016-10-01,78251
2016-10-02,63731
2016-10-03,69006
2016-10-04,80698
2016-10-05,89213
2016-10-06,99566
2016-10-07,101537
2016-10-08,86372
2016-10-09,71868
2016-10-10,66644
2016-10-11,76531
2016-10-12,87363
2016-10-13,96571
2016-10-14,108791
2016-10-15,92845
2016-10-16,86091
2016-10-17,87764
2016-10-18,88415
2016-10-19,90610
2016-10-20,98353
2016-10-21,104586
2016-10-22,89620
2016-10-23,77042
2016-10-24,83851
2016-10-25,92514
2016-10-26,102738
2016-10-27,98732
2016-10-28,104823
2016-10-29,94179
2016-10-30,80292
2016-10-31,76693
2016-11-01,80183
2016-11-02,93722
2016-11-03,111135
2016-11-04,103693
2016-11-05,95469
2016-11-06,78668
2016-11-07,85802
2016-11-08,87052
2016-11-09,90901
2016-11-10,91684
2016-11-11,90479
2016-11-12,74589
2016-11-13,61414
2016-11-14,71039
2016-11-15,81018
2016-11-16,89241
2016-11-17,92282
2016-11-18,101899
2016-11-19,77025
2016-11-20,57183
2016-11-21,65734
2016-11-22,69142
2016-11-23,62112
2016-11-24,34071
2016-11-25,48258
2016-11-26,63661
2016-11-27,61886
2016-11-28,89213
2016-11-29,86405
2016-11-30,92808
2016-12-01,101275
2016-12-02,103284
2016-12-03,84207
2016-12-04,67538
2016-12-05,76825
2016-12-06,82885
2016-12-07,91440
2016-12-08,103729
2016-12-09,106872
2016-12-10,83205
2016-12-11,56006
2016-12-12,78002
2016-12-13,88981
2016-12-14,97155
2016-12-15,104026
2016-12-16,109156
2016-12-17,80737
2016-12-18,61514
2016-12-19,79239
2016-12-20,81052
2016-12-21,77443
2016-12-22,73073
2016-12-23,63565
2016-12-24,36266
2016-12-25,18443
2016-12-26,33810
2016-12-27,51792
2016-12-28,55979
2016-12-29,59639
2016-12-30,63126
2016-12-31,42699
2017-01-01,58395
2017-01-02,34454
2017-01-03,51913
2017-01-04,62691
2017-01-05,74195
2017-01-06,80165
2017-01-07,57843
2017-01-08,46778
2017-01-09,64410
2017-01-10,74731
2017-01-11,75058
2017-01-12,77328
2017-01-13,80339
2017-01-14,57873
2017-01-15,48333
2017-01-16,50650
2017-01-17,66865
2017-01-18,68648
2017-01-19,78807
2017-01-20,75965
2017-01-21,57938
2017-01-22,45419
2017-01-23,60642
2017-01-24,65598
2017-01-25,69445
2017-01-26,75091
2017-01-27,80853
2017-01-28,57788
2017-01-29,45912
2017-01-30,61903
2017-01-31,65669
2017-02-01,69916
2017-02-02,77878
2017-02-03,79297
2017-02-04,55630
2017-02-05,46087
2017-02-06,61443
2017-02-07,70329
2017-02-08,74779
2017-02-09,80103
2017-02-10,79399
2017-02-11,61105
2017-02-12,48041
2017-02-13,60179
2017-02-14,68101
2017-02-15,74170
2017-02-16,77107
2017-02-17,75062
2017-02-18,65831
2017-02-19,52818
2017-02-20,48030
2017-02-21,65202
2017-02-22,75452
2017-02-23,91278
2017-02-24,92085
2017-02-25,71378
2017-02-26,51707
2017-02-27,63292
2017-02-28,73766
2017-03-01,82000
2017-03-02,80555
2017-03-03,86510
2017-03-04,64583
2017-03-05,49914
2017-03-06,63129
2017-03-07,72277
2017-03-08,78643
2017-03-09,84000
2017-03-10,90416
2017-03-11,95039
2017-03-12,52086
2017-03-13,72064
2017-03-14,72647
2017-03-15,84682
2017-03-16,92469
2017-03-17,102021
2017-03-18,78658
2017-03-19,64885
2017-03-20,74627
2017-03-21,78870
2017-03-22,79871
2017-03-23,81245
2017-03-24,85675
2017-03-25,68822
2017-03-26,57511
2017-03-27,67726
2017-03-28,70763
2017-03-29,76198
2017-03-30,88110
2017-03-31,65602
2017-04-01,67689
2017-04-02,57559
2017-04-03,81894
2017-04-04,84357
2017-04-05,96347
2017-04-06,89740
2017-04-07,86914
2017-04-08,65037
2017-04-09,52963
2017-04-10,72943
2017-04-11,72674
2017-04-12,76975
2017-04-13,83806
2017-04-14,73285
2017-04-15,59871
2017-04-16,44727
2017-04-17,64564
2017-04-18,71494
2017-04-19,82091
2017-04-20,81715
2017-04-21,89266
2017-04-22,67944
2017-04-23,56674
2017-04-24,65954
2017-04-25,70774
2017-04-26,78144
2017-04-27,87004
2017-04-28,85644
2017-04-29,74264
2017-04-30,52010
2017-05-01,74700
2017-05-02,78495
2017-05-03,79360
2017-05-04,84867
2017-05-05,94871
2017-05-06,78797
2017-05-07,63912
2017-05-08,77484
2017-05-09,83730
2017-05-10,91974
2017-05-11,86063
2017-05-12,85984
2017-05-13,63257
2017-05-14,52513
2017-05-15,67287
2017-05-16,76591
2017-05-17,79192
2017-05-18,87171
2017-05-19,99628
2017-05-20,75520
2017-05-21,70276
2017-05-22,81505
2017-05-23,84883
2017-05-24,83229
2017-05-25,79626
2017-05-26,74145
2017-05-27,56136
2017-05-28,50026
2017-05-29,36238
2017-05-30,58849
2017-05-31,66262
2017-06-01,80495
2017-06-02,96160
2017-06-03,82357
2017-06-04,76060
2017-06-05,83144
2017-06-06,79590
2017-06-07,77796
2017-06-08,82049
2017-06-09,87120
2017-06-10,81688
2017-06-11,76967
2017-06-12,85698
2017-06-13,84185
2017-06-14,87858
2017-06-15,86298
2017-06-16,82187
2017-06-17,65539
2017-06-18,53236
2017-06-19,71874
2017-06-20,77270
2017-06-21,79328
2017-06-22,83444
2017-06-23,83978
2017-06-24,70093
2017-06-25,58773
2017-06-26,66358
2017-06-27,68852
2017-06-28,76643
2017-06-29,80883
2017-06-30,57710
2017-07-01,66352
2017-07-02,57015
2017-07-03,50094
2017-07-04,42829
2017-07-05,56761
2017-07-06,64338
2017-07-07,71201
2017-07-08,60817
2017-07-09,52586
2017-07-10,65221
2017-07-11,70057
2017-07-12,76513
2017-07-13,79033
2017-07-14,81866
2017-07-15,70087
2017-07-16,55662
2017-07-17,64241
2017-07-18,69058
2017-07-19,76320
2017-07-20,80563
2017-07-21,86546
2017-07-22,67676
2017-07-23,56707
2017-07-24,65815
2017-07-25,70877
2017-07-26,75258
2017-07-27,77321
2017-07-28,74835
2017-07-29,61062
2017-07-30,48756
2017-07-31,57944
2017-08-01,68730
2017-08-02,76067
2017-08-03,84139
2017-08-04,87141
2017-08-05,69465
2017-08-06,57065
2017-08-07,59797
2017-08-08,63638
2017-08-09,68287
2017-08-10,74649
2017-08-11,75046
2017-08-12,66114
2017-08-13,51633
2017-08-14,60322
2017-08-15,68357
2017-08-16,74976
2017-08-17,82077
2017-08-18,81390
2017-08-19,68409
2017-08-20,53407
2017-08-21,57234
2017-08-22,61453
2017-08-23,66162
2017-08-24,71138
2017-08-25,71168
2017-08-26,59312
2017-08-27,47265
2017-08-28,58380
2017-08-29,63095
2017-08-30,64129
2017-08-31,68497
2017-09-01,63110
2017-09-02,54654
2017-09-03,48751
2017-09-04,33231
2017-09-05,55225
2017-09-06,64333
2017-09-07,71323
2017-09-08,77224
2017-09-09,58900
2017-09-10,55303
2017-09-11,67189
2017-09-12,73418
2017-09-13,79246
2017-09-14,80158
2017-09-15,83472
2017-09-16,64560
2017-09-17,52613
2017-09-18,63462
2017-09-19,69344
2017-09-20,69533
2017-09-21,70971
2017-09-22,77464
2017-09-23,61583
2017-09-24,53396
2017-09-25,62927
2017-09-26,71632
2017-09-27,74644
2017-09-28,76223
2017-09-29,75614
2017-09-30,39878
2017-10-01,49624
2017-10-02,65054
2017-10-03,74942
2017-10-04,75728
2017-10-05,74852
2017-10-06,80870
2017-10-07,62441
2017-10-08,54236
2017-10-09,66540
2017-10-10,80060
2017-10-11,81496
2017-10-12,78391
2017-10-13,78498
2017-10-14,65297
2017-10-15,49064
2017-10-16,67498
2017-10-17,76180
2017-10-18,81405
2017-10-19,86606
2017-10-20,82497
2017-10-21,61176
2017-10-22,56250
2017-10-23,68593
2017-10-24,77660
2017-10-25,73633
2017-10-26,74839
2017-10-27,79842
2017-10-28,55883
2017-10-29,48325
2017-10-30,57378
2017-10-31,55403
2017-11-01,76599
2017-11-02,78259
2017-11-03,80430
2017-11-04,61997
2017-11-05,52610
2017-11-06,69069
2017-11-07,73129
2017-11-08,75936
2017-11-09,83927
2017-11-10,77624
2017-11-11,59238
2017-11-12,51294
2017-11-13,61142
2017-11-14,70486
2017-11-15,76947
2017-11-16,77871
2017-11-17,82025
2017-11-18,56939
2017-11-19,45700
2017-11-20,52281
2017-11-21,57627
2017-11-22,48606
2017-11-23,25349
2017-11-24,35810
2017-11-25,47504
2017-11-26,45210
2017-11-27,64513
2017-11-28,69860
2017-11-29,72905
2017-11-30,75913
2017-12-01,78526
2017-12-02,58716
2017-12-03,46902
2017-12-04,58318
2017-12-05,70481
2017-12-06,72548
2017-12-07,83123
2017-12-08,84909
2017-12-09,63364
2017-12-10,44778
2017-12-11,59442
2017-12-12,69540
2017-12-13,71222
2017-12-14,80026
2017-12-15,81685
2017-12-16,55360
2017-12-17,40857
2017-12-18,56751
2017-12-19,61852
2017-12-20,67428
2017-12-21,67014
2017-12-22,58800
2017-12-23,41800
2017-12-24,27356
2017-12-25,14299
2017-12-26,34507
2017-12-27,45839
2017-12-28,48596
2017-12-29,51873
2017-12-30,42688
2017-12-31,28739
2018-01-01,39694
2018-01-02,44848
2018-01-03,48175
2018-01-04,53994
2018-01-05,57554
2018-01-06,36048
2018-01-07,28396
2018-01-08,49191
2018-01-09,53285
2018-01-10,58871
2018-01-11,63843
2018-01-12,70259
2018-01-13,45942
2018-01-14,36225
2018-01-15,39167
2018-01-16,59129
2018-01-17,65150
2018-01-18,66513
2018-01-19,64382
2018-01-20,45185
2018-01-21,43362
2018-01-22,66638
2018-01-23,72008
2018-01-24,67868
2018-01-25,63670
2018-01-26,62892
2018-01-27,41173
2018-01-28,34497
2018-01-29,53724
2018-01-30,57651
2018-01-31,58509
2018-02-01,68599
2018-02-02,67545
2018-02-03,38916
2018-02-04,32697
2018-02-05,58939
2018-02-06,63177
2018-02-07,64864
2018-02-08,68964
2018-02-09,43024
2018-02-10,43934
2018-02-11,34586
2018-02-12,58075
2018-02-13,62842
2018-02-14,64503
2018-02-15,68020
2018-02-16,69264
2018-02-17,52168
2018-02-18,41606
2018-02-19,44146
2018-02-20,66275
2018-02-21,72534
2018-02-22,78195
2018-02-23,80464
2018-02-24,57499
2018-02-25,41057
2018-02-26,53611
2018-02-27,57686
2018-02-28,48180
2018-03-01,70787
2018-03-02,67163
2018-03-03,47807
2018-03-04,37718
2018-03-05,59659
2018-03-06,63599
2018-03-07,68658
2018-03-08,74352
2018-03-09,77652
2018-03-10,56075
2018-03-11,47509
2018-03-12,67008
2018-03-13,70795
2018-03-14,67821
2018-03-15,74648
2018-03-16,82950
2018-03-17,83910
2018-03-18,46954
2018-03-19,62262
2018-03-20,69555
2018-03-21,68394
2018-03-22,69896
2018-03-23,70613
2018-03-24,47748
2018-03-25,42659
2018-03-26,57014
2018-03-27,63578
2018-03-28,66062
2018-03-29,68986
2018-03-30,59843
2018-03-31,44000
2018-04-01,34979
2018-04-02,51250
2018-04-03,66954
2018-04-04,67528
2018-04-05,70917
2018-04-06,73511
2018-04-07,53038
2018-04-08,41178
2018-04-09,63397
2018-04-10,68544
2018-04-11,71778
2018-04-12,73776
2018-04-13,76649
2018-04-14,59430
2018-04-15,48409
2018-04-16,69837
2018-04-17,72465
2018-04-18,77198
2018-04-19,71337
2018-04-20,71070
2018-04-21,46605
2018-04-22,39371
2018-04-23,57014
2018-04-24,60716
2018-04-25,68305
2018-04-26,71563
2018-04-27,76628
2018-04-28,54527
2018-04-29,47296
2018-04-30,58878
2018-05-01,62961
2018-05-02,64490
2018-05-03,70859
2018-05-04,65722
2018-05-05,51236
2018-05-06,42478
2018-05-07,64137
2018-05-08,71736
2018-05-09,75222
2018-05-10,73682
2018-05-11,75288
2018-05-12,48075
2018-05-13,37472
2018-05-14,61295
2018-05-15,66843
2018-05-16,66334
2018-05-17,73623
2018-05-18,79575
2018-05-19,57696
2018-05-20,56063
2018-05-21,74994
2018-05-22,74584
2018-05-23,70008
2018-05-24,67032
2018-05-25,60855
2018-05-26,46133
2018-05-27,43177
2018-05-28,32644
2018-05-29,52294
2018-05-30,61505
2018-05-31,72967
2018-06-01,89010
2018-06-02,66184
2018-06-03,57775
2018-06-04,67782
2018-06-05,71577
2018-06-06,70422
2018-06-07,72519
2018-06-08,73195
2018-06-09,59887
2018-06-10,55305
2018-06-11,73716
2018-06-12,76063
2018-06-13,71782
2018-06-14,68843
2018-06-15,64598
2018-06-16,50964
2018-06-17,44697
2018-06-18,67250
2018-06-19,68013
2018-06-20,71310
2018-06-21,75114
2018-06-22,71708
2018-06-23,50600
2018-06-24,49027
2018-06-25,59482
2018-06-26,66657
2018-06-27,67727
2018-06-28,67906
2018-06-29,70805
2018-06-30,52576
2018-07-01,37950
2018-07-02,44360
2018-07-03,46965
2018-07-04,32417
2018-07-05,45106
2018-07-06,49980
2018-07-07,42414
2018-07-08,35383
2018-07-09,51934
2018-07-10,58176
2018-07-11,62839
2018-07-12,66838
2018-07-13,68498
2018-07-14,51711
2018-07-15,47052
2018-07-16,61032
2018-07-17,59487
2018-07-18,52810
2018-07-19,67936
2018-07-20,69084
2018-07-21,51941
2018-07-22,42144
2018-07-23,53884
2018-07-24,60922
2018-07-25,62725
2018-07-26,64918
2018-07-27,61091
2018-07-28,48387
2018-07-29,41608
2018-07-30,54564
2018-07-31,57943
2018-08-01,62477
2018-08-02,67781
2018-08-03,66944
2018-08-04,53417
2018-08-05,45215
2018-08-06,51682
2018-08-07,56038
2018-08-08,57245
2018-08-09,62789
2018-08-10,64456
2018-08-11,49734
2018-08-12,41117
2018-08-13,52270
2018-08-14,57680
2018-08-15,62669
2018-08-16,61885
2018-08-17,63576
2018-08-18,51624
2018-08-19,43477
2018-08-20,54608
2018-08-21,55730
2018-08-22,53179
2018-08-23,58578
2018-08-24,59367
2018-08-25,44271
2018-08-26,36847
2018-08-27,51050
2018-08-28,56304
2018-08-29,57255
2018-08-30,55318
2018-08-31,53211
2018-09-01,38607
2018-09-02,36931
2018-09-03,26155
2018-09-04,48199
2018-09-05,55719
2018-09-06,61257
2018-09-07,59974
2018-09-08,40489
2018-09-09,37204
2018-09-10,53625
2018-09-11,59934
2018-09-12,66199
2018-09-13,66563
2018-09-14,67418
2018-09-15,49557
2018-09-16,39737
2018-09-17,55807
2018-09-18,54828
2018-09-19,54995
2018-09-20,64936
2018-09-21,64220
2018-09-22,44046
2018-09-23,37916
2018-09-24,53622
2018-09-25,59835
2018-09-26,63210
2018-09-27,67680
2018-09-28,70429
2018-09-29,50325
2018-09-30,45149
2018-10-01,55181
2018-10-02,58654
2018-10-03,63461
2018-10-04,65773
2018-10-05,66270
2018-10-06,44544
2018-10-07,41208
2018-10-08,47666
2018-10-09,55905
2018-10-10,65164
2018-10-11,68007
2018-10-12,69579
2018-10-13,49152
2018-10-14,43295
2018-10-15,64903
2018-10-16,68660
2018-10-17,71101
2018-10-18,69708
2018-10-19,68754
2018-10-20,49141
2018-10-21,43762
2018-10-22,55265
2018-10-23,59461
2018-10-24,61327
2018-10-25,66236
2018-10-26,70783
2018-10-27,51138
2018-10-28,45685
2018-10-29,55157
2018-10-30,53300
2018-10-31,44320
2018-11-01,62830
2018-11-02,62345
2018-11-03,45537
2018-11-04,40972
2018-11-05,53152
2018-11-06,58416
2018-11-07,63986
2018-11-08,65500
2018-11-09,69250
2018-11-10,46661
2018-11-11,41239
2018-11-12,50497
2018-11-13,58205
2018-11-14,63384
2018-11-15,68627
2018-11-16,67173
2018-11-17,42108
2018-11-18,35639
2018-11-19,47266
2018-11-20,49672
2018-11-21,40425
2018-11-22,20185
2018-11-23,30213
2018-11-24,39251
2018-11-25,38844
2018-11-26,52908
2018-11-27,68632
2018-11-28,66763
2018-11-29,65075
2018-11-30,62893
2018-12-01,45603
2018-12-02,34158
2018-12-03,52608
2018-12-04,57640
2018-12-05,60182
2018-12-06,69487
2018-12-07,71863
2018-12-08,48670
2018-12-09,37103
2018-12-10,52637
2018-12-11,55751
2018-12-12,60909
2018-12-13,68132
2018-12-14,67846
2018-12-15,47179
2018-12-16,36475
2018-12-17,50051
2018-12-18,55858
2018-12-19,57853
2018-12-20,60298
2018-12-21,57637
2018-12-22,37055
2018-12-23,27326
2018-12-24,20819
2018-12-25,9841
2018-12-26,26467
2018-12-27,36614
2018-12-28,39491
2018-12-29,32109
2018-12-30,28821
2018-12-31,36151
2019-01-01,28096
2019-01-02,33692
2019-01-03,39011
2019-01-04,40881
2019-01-05,27653
2019-01-06,26821
2019-01-07,40527
2019-01-08,42985
2019-01-09,49402
2019-01-10,52896
2019-01-11,51952
2019-01-12,31325
2019-01-13,24226
2019-01-14,41857
2019-01-15,47811
2019-01-16,50287
2019-01-17,52669
2019-01-18,50861
2019-01-19,28518
2019-01-20,26669
2019-01-21,31280
2019-01-22,49842
2019-01-23,53160
2019-01-24,56736
2019-01-25,52641
2019-01-26,29661
2019-01-27,25458
2019-01-28,39344
2019-01-29,44529
2019-01-30,14029
2019-01-31,28565
2019-02-01,51765
2019-02-02,28980
2019-02-03,24611
2019-02-04,45109
2019-02-05,48965
2019-02-06,50949
2019-02-07,58600
2019-02-08,58704
2019-02-09,32327
2019-02-10,26557
2019-02-11,47199
2019-02-12,51922
2019-02-13,55326
2019-02-14,52282
2019-02-15,56898
2019-02-16,36871
2019-02-17,30713
2019-02-18,37364
2019-02-19,50716
2019-02-20,56281
2019-02-21,60944
2019-02-22,62004
2019-02-23,41216
2019-02-24,30236
2019-02-25,48468
2019-02-26,52853
2019-02-27,55233
2019-02-28,59547
2019-03-01,60169
2019-03-02,38697
2019-03-03,36658
2019-03-04,57799
2019-03-05,60230
2019-03-06,57476
2019-03-07,59407
2019-03-08,54244
2019-03-09,33616
2019-03-10,27543
2019-03-11,47774
2019-03-12,51625
2019-03-13,55036
2019-03-14,61252
2019-03-15,64616
2019-03-16,58932
2019-03-17,35296
2019-03-18,50215
2019-03-19,50902
2019-03-20,56740
2019-03-21,57955
2019-03-22,56445
2019-03-23,36453
2019-03-24,31668
2019-03-25,44382
2019-03-26,47570
2019-03-27,48545
2019-03-28,51406
2019-03-29,53303
2019-03-30,37195
2019-03-31,32429
2019-04-01,48904
2019-04-02,51646
2019-04-03,55961
2019-04-04,64603
2019-04-05,57226
2019-04-06,36603
2019-04-07,33651
2019-04-08,53077
2019-04-09,57939
2019-04-10,65500
2019-04-11,62878
2019-04-12,58974
2019-04-13,37824
2019-04-14,32307
2019-04-15,47903
2019-04-16,48630
2019-04-17,48919
2019-04-18,59403
2019-04-19,47204
2019-04-20,32415
2019-04-21,26392
2019-04-22,43455
2019-04-23,51113
2019-04-24,54245
2019-04-25,56029
2019-04-26,53956
2019-04-27,37853
2019-04-28,27334
2019-04-29,49615
2019-04-30,56638
2019-05-01,54981
2019-05-02,61363
2019-05-03,60078
2019-05-04,40945
2019-05-05,36728
2019-05-06,52610
2019-05-07,54690
2019-05-08,56994
2019-05-09,57385
2019-05-10,55608
2019-05-11,38102
2019-05-12,31237
2019-05-13,47986
2019-05-14,49157
2019-05-15,52576
2019-05-16,58007
2019-05-17,62018
2019-05-18,43327
2019-05-19,39725
2019-05-20,57667
2019-05-21,60703
2019-05-22,54732
2019-05-23,55707
2019-05-24,48284
2019-05-25,33664
2019-05-26,29147
2019-05-27,21912
2019-05-28,47035
2019-05-29,48556
2019-05-30,58194
2019-05-31,63048
2019-06-01,45880
2019-06-02,42426
2019-06-03,54680
2019-06-04,52717
2019-06-05,53718
2019-06-06,55869
2019-06-07,54663
2019-06-08,42161
2019-06-09,40721
2019-06-10,54621
2019-06-11,57435
2019-06-12,60049
2019-06-13,57382
2019-06-14,56646
2019-06-15,39390
2019-06-16,32589
2019-06-17,48375
2019-06-18,52901
2019-06-19,58783
2019-06-20,59189
2019-06-21,58539
2019-06-22,40424
2019-06-23,34401
2019-06-24,48360
2019-06-25,54549
2019-06-26,58189
2019-06-27,57146
2019-06-28,53197
2019-06-29,34598
2019-06-30,31489
2019-07-01,38114
2019-07-02,43163
2019-07-03,37305
2019-07-04,22503
2019-07-05,31275
2019-07-06,27124
2019-07-07,25091
2019-07-08,39050
2019-07-09,44940
2019-07-10,51536
2019-07-11,53267
2019-07-12,53005
2019-07-13,39300
2019-07-14,31894
2019-07-15,47694
2019-07-16,51754
2019-07-17,55017
2019-07-18,56421
2019-07-19,57410
2019-07-20,38818
2019-07-21,33189
2019-07-22,43654
2019-07-23,46835
2019-07-24,48850
2019-07-25,51019
2019-07-26,48905
2019-07-27,35668
2019-07-28,30220
2019-07-29,42578
2019-07-30,44992
2019-07-31,48330
2019-08-01,52050
2019-08-02,51681
2019-08-03,39506
2019-08-04,34844
2019-08-05,46470
2019-08-06,48455
2019-08-07,51658
2019-08-08,53393
2019-08-09,49670
2019-08-10,35724
2019-08-11,29209
2019-08-12,43243
2019-08-13,45338
2019-08-14,47527
2019-08-15,49377
2019-08-16,46812
2019-08-17,33576
2019-08-18,27768
2019-08-19,41789
2019-08-20,49201
2019-08-21,50700
2019-08-22,51468
2019-08-23,48846
2019-08-24,33752
2019-08-25,28295
2019-08-26,43777
2019-08-27,43091
2019-08-28,45305
2019-08-29,47901
2019-08-30,42645
2019-08-31,31117
2019-09-01,27695
2019-09-02,20671
2019-09-03,41050
2019-09-04,43725
2019-09-05,49685
2019-09-06,46796
2019-09-07,29409
2019-09-08,27309
2019-09-09,44165
2019-09-10,51558
2019-09-11,56667
2019-09-12,56699
2019-09-13,56912
2019-09-14,36648
2019-09-15,32479
2019-09-16,48043
2019-09-17,52045
2019-09-18,53726
2019-09-19,57242
2019-09-20,55826
2019-09-21,38011
2019-09-22,35451
2019-09-23,48624
2019-09-24,53552
2019-09-25,55358
2019-09-26,55757
2019-09-27,56880
2019-09-28,33747
2019-09-29,29527
2019-09-30,40058
2019-10-01,45153
2019-10-02,54585
2019-10-03,54494
2019-10-04,52086
2019-10-05,33872
2019-10-06,28155
2019-10-07,42154
2019-10-08,44785
2019-10-09,45865
2019-10-10,54798
2019-10-11,59056
2019-10-12,35356
2019-10-13,32804
2019-10-14,43720
2019-10-15,52742
2019-10-16,55707
2019-10-17,56090
2019-10-18,53472
2019-10-19,35850
2019-10-20,33831
2019-10-21,47421
2019-10-22,52578
2019-10-23,52363
2019-10-24,54238
2019-10-25,52009
2019-10-26,38117
2019-10-27,33203
2019-10-28,45323
2019-10-29,52837
2019-10-30,56012
2019-10-31,50572
2019-11-01,52861
2019-11-02,32606
2019-11-03,28466
2019-11-04,42544
2019-11-05,48755
2019-11-06,50641
2019-11-07,56317
2019-11-08,50353
2019-11-09,31675
2019-11-10,30271
2019-11-11,43275
2019-11-12,57313
2019-11-13,56786
2019-11-14,56961
2019-11-15,50985
2019-11-16,30528
2019-11-17,25829
2019-11-18,45704
2019-11-19,50726
2019-11-20,50720
2019-11-21,55820
2019-11-22,53201
2019-11-23,30278
2019-11-24,24835
2019-11-25,36473
2019-11-26,43055
2019-11-27,33921
2019-11-28,16384
2019-11-29,25305
2019-11-30,34351
2019-12-01,34004
2019-12-02,52904
2019-12-03,56992
2019-12-04,58122
2019-12-05,62131
2019-12-06,59555
2019-12-07,37792
2019-12-08,27896
2019-12-09,44483
2019-12-10,52493
2019-12-11,54193
2019-12-12,57853
2019-12-13,55913
2019-12-14,37996
2019-12-15,27501
2019-12-16,44745
2019-12-17,51076
2019-12-18,55112
2019-12-19,56579
2019-12-20,52133
2019-12-21,31294
2019-12-22,26442
2019-12-23,32991
2019-12-24,19074
2019-12-25,8621
2019-12-26,21777
2019-12-27,30010
2019-12-28,25351
2019-12-29,21493
2019-12-30,30552
2019-12-31,30128
2020-01-01,20797
2020-01-02,26303
2020-01-03,30795
2020-01-04,21171
2020-01-05,17707
2020-01-06,32493
2020-01-07,36577
2020-01-08,40788
2020-01-09,42889
2020-01-10,42248
2020-01-11,21802
2020-01-12,19811
2020-01-13,40123
2020-01-14,42576
2020-01-15,46569
2020-01-16,49687
2020-01-17,45147
2020-01-18,25236
2020-01-19,21173
2020-01-20,25507
2020-01-21,40220
2020-01-22,43688
2020-01-23,46909
2020-01-24,45647
2020-01-25,23256
2020-01-26,19971
2020-01-27,37537
2020-01-28,39840
2020-01-29,41541
2020-01-30,43872
2020-01-31,41308
2020-02-01,22206
2020-02-02,18930
2020-02-03,35892
2020-02-04,41738
2020-02-05,43938
2020-02-06,46865
2020-02-07,43099
2020-02-08,24158
2020-02-09,20727
2020-02-10,38129
2020-02-11,41974
2020-02-12,45403
2020-02-13,52569
2020-02-14,53194
2020-02-15,30276
2020-02-16,26345
2020-02-17,31864
2020-02-18,42731
2020-02-19,49818
2020-02-20,55233
2020-02-21,51669
2020-02-22,29042
2020-02-23,22579
2020-02-24,38819
2020-02-25,43545
2020-02-26,44585
2020-02-27,49832
2020-02-28,48851
2020-02-29,27933
2020-03-01,23865
2020-03-02,38025
2020-03-03,43343
2020-03-04,43502
2020-03-05,46583
2020-03-06,45225
2020-03-07,24278
2020-03-08,20375
2020-03-09,38940
2020-03-10,37579
2020-03-11,37541
2020-03-12,33965
2020-03-13,28098
2020-03-14,19447
2020-03-15,11648
2020-03-16,13993
2020-03-17,8900
2020-03-18,7029
2020-03-19,5813
2020-03-20,5139
2020-03-21,2883
2020-03-22,1543
2020-03-23,2636
2020-03-24,2449
2020-03-25,2381
2020-03-26,2489
2020-03-27,2537
2020-03-28,1606
2020-03-29,1224
2020-03-30,2311
2020-03-31,2125
2020-04-01,2466
2020-04-02,2246
2020-04-03,2559
2020-04-04,1744
2020-04-05,1269
2020-04-06,2171
2020-04-07,2008
2020-04-08,2070
2020-04-09,2089
2020-04-10,1972
2020-04-11,1598
2020-04-12,1027
2020-04-13,1959
2020-04-14,1857
2020-04-15,1793
2020-04-16,2034
2020-04-17,1851
2020-04-18,1479
2020-04-19,1051
2020-04-20,1758
2020-04-21,1831
2020-04-22,1876
2020-04-23,1942
2020-04-24,1996
2020-04-25,1410
2020-04-26,1047
2020-04-27,1962
2020-04-28,2077
2020-04-29,2214
2020-04-30,2255
2020-05-01,2766
2020-05-02,2134
2020-05-03,1516
2020-05-04,2607
2020-05-05,2418
2020-05-06,2469
2020-05-07,2527
2020-05-08,2437
2020-05-09,1880
2020-05-10,1482
2020-05-11,2256
2020-05-12,2339
2020-05-13,2410
2020-05-14,2347
2020-05-15,2683
2020-05-16,1917
2020-05-17,1576
2020-05-18,2515
2020-05-19,2367
2020-05-20,2533
2020-05-21,2519
2020-05-22,2813
2020-05-23,1988
2020-05-24,1692
2020-05-25,1895
2020-05-26,2500
2020-05-27,2675
2020-05-28,2721
2020-05-29,2844
2020-05-30,2394
2020-05-31,2438
2020-06-01,3282
2020-06-02,3366
2020-06-03,3329
2020-06-04,3284
2020-06-05,3602
2020-06-06,2772
2020-06-07,2181
2020-06-08,3441
2020-06-09,3415
2020-06-10,3304
2020-06-11,3624
2020-06-12,3911
2020-06-13,2738
2020-06-14,2300
2020-06-15,3427
2020-06-16,3522
2020-06-17,3672
2020-06-18,3837
2020-06-19,4040
2020-06-20,2933
2020-06-21,2428
2020-06-22,3710
2020-06-23,3911
2020-06-24,3815
2020-06-25,4224
2020-06-26,4310
2020-06-27,3188
2020-06-28,2720
2020-06-29,4325
2020-06-30,4211
2020-07-01,4677
2020-07-02,4824
2020-07-03,4311
2020-07-04,3196
2020-07-05,2934
2020-07-06,4538
2020-07-07,4507
2020-07-08,4328
2020-07-09,4419
2020-07-10,4911
2020-07-11,3579
2020-07-12,2852
2020-07-13,4413
2020-07-14,4297
2020-07-15,4505
2020-07-16,4560
2020-07-17,4958
2020-07-18,3643
2020-07-19,2622
2020-07-20,4445
2020-07-21,4443
2020-07-22,4576
2020-07-23,4625
2020-07-24,4954
2020-07-25,3498
2020-07-26,2794
2020-07-27,4331
2020-07-28,4589
2020-07-29,4517
2020-07-30,4577
2020-07-31,5122
2020-08-01,4011
2020-08-02,3354
2020-08-03,5064
2020-08-04,4842
2020-08-05,4608
2020-08-06,5012
2020-08-07,5303
2020-08-08,3824
2020-08-09,3265
2020-08-10,4442
2020-08-11,4781
2020-08-12,4989
2020-08-13,5062
2020-08-14,5567
2020-08-15,3942
2020-08-16,3220
2020-08-17,4866
2020-08-18,4862
2020-08-19,4932
2020-08-20,5258
2020-08-21,5478
2020-08-22,4093
2020-08-23,3474
2020-08-24,5028
2020-08-25,5071
2020-08-26,5170
2020-08-27,5440
2020-08-28,5645
2020-08-29,3913
2020-08-30,3273
2020-08-31,5076
2020-09-01,5583
2020-09-02,5429
2020-09-03,6138
2020-09-04,6505
2020-09-05,4629
2020-09-06,3732
2020-09-07,3825
2020-09-08,5859
2020-09-09,5650
2020-09-10,6009
2020-09-11,6162
2020-09-12,3967
2020-09-13,3644
2020-09-14,5555
2020-09-15,5825
2020-09-16,6001
2020-09-17,5997
2020-09-18,6566
2020-09-19,4772
2020-09-20,3830
2020-09-21,5900
2020-09-22,5853
2020-09-23,5911
2020-09-24,6330
2020-09-25,6716
2020-09-26,4828
2020-09-27,3894
2020-09-28,5835
2020-09-29,5884
2020-09-30,6073
2020-10-01,6767
2020-10-02,7099
2020-10-03,4906
2020-10-04,4048
2020-10-05,5964
2020-10-06,6051
2020-10-07,5974
2020-10-08,6518
2020-10-09,6934
2020-10-10,4846
2020-10-11,4009
2020-10-12,5708
2020-10-13,6180
2020-10-14,6114
2020-10-15,6622
2020-10-16,6822
2020-10-17,4637
2020-10-18,3834
2020-10-19,6264
2020-10-20,5990
2020-10-21,6096
2020-10-22,6626
2020-10-23,6755
2020-10-24,4424
2020-10-25,3541
2020-10-26,6085
2020-10-27,5842
2020-10-28,6085
2020-10-29,6370
2020-10-30,6530
2020-10-31,4140
2020-11-01,3315
2020-11-02,6173
2020-11-03,5606
2020-11-04,5195
2020-11-05,5732
2020-11-06,5970
2020-11-07,4134
2020-11-08,3448
2020-11-09,5719
2020-11-10,5984
2020-11-11,5443
2020-11-12,5757
2020-11-13,5790
2020-11-14,3928
2020-11-15,3060
2020-11-16,5668
2020-11-17,5063
2020-11-18,5231
2020-11-19,5611
2020-11-20,5317
2020-11-21,3681
2020-11-22,2690
2020-11-23,5122
2020-11-24,5352
2020-11-25,5270
2020-11-26,2308
2020-11-27,3837
2020-11-28,3755
2020-11-29,3153
2020-11-30,5351
2020-12-01,5673
2020-12-02,5392
2020-12-03,5771
2020-12-04,5514
2020-12-05,3843
2020-12-06,2908
2020-12-07,5235
2020-12-08,5277
2020-12-09,5393
2020-12-10,5617
2020-12-11,5593
2020-12-12,3640
2020-12-13,2919
2020-12-14,5412
2020-12-15,5473
2020-12-16,5318
2020-12-17,5698
2020-12-18,5829
2020-12-19,3775
2020-12-20,3029
2020-12-21,5411
2020-12-22,5799
2020-12-23,5665
2020-12-24,4521
2020-12-25,2095
2020-12-26,3571
2020-12-27,3462
2020-12-28,5110
2020-12-29,5245
2020-12-30,5404
2020-12-31,5456
2021-01-01,2878
2021-01-02,4407
2021-01-03,3914
2021-01-04,5991
2021-01-05,5464
2021-01-06,5201
2021-01-07,5329
2021-01-08,5389
2021-01-09,3939
2021-01-10,3109
2021-01-11,5639
2021-01-12,5300
2021-01-13,5443
2021-01-14,5742
2021-01-15,5612
2021-01-16,3710
2021-01-17,2858
2021-01-18,4924
2021-01-19,5424
2021-01-20,4969
2021-01-21,5316
2021-01-22,5634
2021-01-23,3884
2021-01-24,3175
2021-01-25,5497
2021-01-26,4479
2021-01-27,5334
2021-01-28,5911
2021-01-29,5972
2021-01-30,3984
2021-01-31,2745
2021-02-01,5940
2021-02-02,5766
2021-02-03,6146
2021-02-04,5922
2021-02-05,5945
2021-02-06,4123
2021-02-07,3506
2021-02-08,6244
2021-02-09,5905
2021-02-10,6213
2021-02-11,6388
2021-02-12,6770
2021-02-13,5166
2021-02-14,3944
2021-02-15,4880
2021-02-16,4417
2021-02-17,6177
2021-02-18,6646
2021-02-19,6898
2021-02-20,4500
2021-02-21,3538
2021-02-22,6165
2021-02-23,6281
2021-02-24,6065
2021-02-25,6306
2021-02-26,6629
2021-02-27,4797
2021-02-28,3932
2021-03-01,6503
2021-03-02,6069
2021-03-03,6670
2021-03-04,6967
2021-03-05,7044
2021-03-06,4906
2021-03-07,4245
2021-03-08,6448
2021-03-09,6609
2021-03-10,6465
2021-03-11,6711
2021-03-12,7225
2021-03-13,6194
2021-03-14,4541
2021-03-15,7238
2021-03-16,7157
2021-03-17,7540
2021-03-18,7995
2021-03-19,8173
2021-03-20,6082
2021-03-21,5056
2021-03-22,7286
2021-03-23,7333
2021-03-24,7259
2021-03-25,8079
2021-03-26,8288
2021-03-27,6318
2021-03-28,5338
2021-03-29,7743
2021-03-30,7463
2021-03-31,7647
2021-04-01,8549
2021-04-02,8503
2021-04-03,6564
2021-04-04,5643
2021-04-05,7741
2021-04-06,7868
2021-04-07,7614
2021-04-08,8403
2021-04-09,8590
2021-04-10,6430
2021-04-11,5434
2021-04-12,8228
2021-04-13,7880
2021-04-14,7748
2021-04-15,8407
2021-04-16,9080
2021-04-17,6748
2021-04-18,5533
2021-04-19,8067
2021-04-20,7662
2021-04-21,7566
2021-04-22,8504
2021-04-23,9010
2021-04-24,6556
2021-04-25,5790
2021-04-26,8188
2021-04-27,8294
2021-04-28,7929
2021-04-29,8552
2021-04-30,9448
2021-05-01,7630
2021-05-02,6657
2021-05-03,8762
2021-05-04,8246
2021-05-05,8593
2021-05-06,9285
2021-05-07,10030
2021-05-08,8067
2021-05-09,6372
2021-05-10,8631
2021-05-11,8407
2021-05-12,8328
2021-05-13,8434
2021-05-14,10293
2021-05-15,7757
2021-05-16,6931
2021-05-17,9155
2021-05-18,8831
2021-05-19,9032
2021-05-20,9764
2021-05-21,10492
2021-05-22,8959
2021-05-23,7293
2021-05-24,9180
2021-05-25,9194
2021-05-26,9226
2021-05-27,10057
2021-05-28,11141
2021-05-29,8799
2021-05-30,8221
2021-05-31,7980
2021-06-01,10194
2021-06-02,9437
2021-06-03,10450
2021-06-04,11513
2021-06-05,9461
2021-06-06,8376
2021-06-07,10331
2021-06-08,10188
2021-06-09,10573
2021-06-10,12261
2021-06-11,13716
2021-06-12,11159
2021-06-13,9828
2021-06-14,11178
2021-06-15,10705
2021-06-16,11233
2021-06-17,12431
2021-06-18,13047
2021-06-19,11207
2021-06-20,9152
2021-06-21,12118
2021-06-22,11706
2021-06-23,11575
2021-06-24,12631
2021-06-25,13647
2021-06-26,10448
2021-06-27,9770
2021-06-28,11256
2021-06-29,11102
2021-06-30,11553
2021-07-01,11891
2021-07-02,12240
2021-07-03,10403
2021-07-04,8732
2021-07-05,10143
2021-07-06,12230
2021-07-07,12263
2021-07-08,13458
2021-07-09,15078
2021-07-10,11857
2021-07-11,10395
2021-07-12,12005
2021-07-13,12156
2021-07-14,12872
2021-07-15,14277
2021-07-16,14750
2021-07-17,12206
2021-07-18,10871
2021-07-19,12597
2021-07-20,11965
2021-07-21,12905
2021-07-22,14202
2021-07-23,15168
2021-07-24,12463
2021-07-25,11287
2021-07-26,13057
2021-07-27,13005
2021-07-28,14912
2021-07-29,15285
2021-07-30,15099
2021-07-31,12076
2021-08-01,11407
2021-08-02,12729
2021-08-03,11966
2021-08-04,12775
2021-08-05,14354
2021-08-06,16150
2021-08-07,13691
2021-08-08,11520
2021-08-09,12839
2021-08-10,13714
2021-08-11,13926
2021-08-12,14416
2021-08-13,14839
2021-08-14,12991
2021-08-15,11282
2021-08-16,12366
2021-08-17,11456
2021-08-18,12446
2021-08-19,14216
2021-08-20,16122
2021-08-21,13557
2021-08-22,12063
2021-08-23,13389
2021-08-24,13298
2021-08-25,14533
2021-08-26,15396
2021-08-27,15294
2021-08-28,12859
2021-08-29,11084
2021-08-30,13061
2021-08-31,12691
2021-09-01,13007
2021-09-02,14620
2021-09-03,16330
2021-09-04,12526
2021-09-05,11350
2021-09-06,11765
2021-09-07,12900
2021-09-08,13043
2021-09-09,14221
2021-09-10,15243
2021-09-11,11863
2021-09-12,11915
2021-09-13,14676
2021-09-14,14624
2021-09-15,15069
2021-09-16,16587
2021-09-17,18787
2021-09-18,14629
2021-09-19,13665
2021-09-20,13970
2021-09-21,13520
2021-09-22,14713
2021-09-23,16565
2021-09-24,19588
2021-09-25,16042
2021-09-26,12691
2021-09-27,12927
2021-09-28,12385
2021-09-29,13830
2021-09-30,15448
2021-10-01,17650
2021-10-02,14141
2021-10-03,14282
2021-10-04,15792
2021-10-05,17436
2021-10-06,16692
2021-10-07,17748
2021-10-08,20382
2021-10-09,16246
2021-10-10,12878
2021-10-11,15640
2021-10-12,16315
2021-10-13,15407
2021-10-14,16640
2021-10-15,18097
2021-10-16,15438
2021-10-17,15122
2021-10-18,16167
2021-10-19,15897
2021-10-20,15945
2021-10-21,17469
2021-10-22,18528
2021-10-23,14734
2021-10-24,13854
2021-10-25,15344
2021-10-26,14793
2021-10-27,15479
2021-10-28,16999
2021-10-29,18345
2021-10-30,13643
2021-10-31,12434
2021-11-01,15468
2021-11-02,15123
2021-11-03,16400
2021-11-04,17036
2021-11-05,17487
2021-11-06,12725
2021-11-07,11774
2021-11-08,14236
2021-11-09,14273
2021-11-10,16009
2021-11-11,15904
2021-11-12,17509
2021-11-13,12895
2021-11-14,11714
2021-11-15,15293
2021-11-16,15667
2021-11-17,16169
2021-11-18,18028
2021-11-19,18942
2021-11-20,13748
2021-11-21,11975
2021-11-22,13588
2021-11-23,14612
2021-11-24,13177
2021-11-25,7705
2021-11-26,12017
2021-11-27,15270
2021-11-28,14429
2021-11-29,18033
2021-11-30,17968
2021-12-01,18007
2021-12-02,18494
2021-12-03,19745
2021-12-04,14730
2021-12-05,13500
2021-12-06,16330
2021-12-07,16047
2021-12-08,16615
2021-12-09,18080
2021-12-10,19318
2021-12-11,14855
2021-12-12,11880
2021-12-13,14008
2021-12-14,15411
2021-12-15,17011
2021-12-16,18499
2021-12-17,18299
2021-12-18,13276
2021-12-19,10240
2021-12-20,13223
2021-12-21,12405
2021-12-22,11974
2021-12-23,10947
2021-12-24,8211
2021-12-25,4467
2021-12-26,7914
2021-12-27,10511
2021-12-28,11127
2021-12-29,11499
2021-12-30,11741
2021-12-31,11725
2022-01-01,7938
2022-01-02,9030
2022-01-03,11211
2022-01-04,10435
2022-01-05,10120
2022-01-06,9987
2022-01-07,9911
2022-01-08,8193
2022-01-09,7051
2022-01-10,9622
2022-01-11,9491
2022-01-12,9872
2022-01-13,10336
2022-01-14,11096
2022-01-15,8433
2022-01-16,7206
2022-01-17,9139
2022-01-18,10562
2022-01-19,10848
2022-01-20,11356
2022-01-21,11483
2022-01-22,8555
2022-01-23,7819
2022-01-24,10818
2022-01-25,11140
2022-01-26,11611
2022-01-27,12586
2022-01-28,12811
2022-01-29,9604
2022-01-30,8141
2022-01-31,11636
2022-02-01,12690
2022-02-02,7423
2022-02-03,11363
2022-02-04,14412
2022-02-05,11204
2022-02-06,9018
2022-02-07,12390
2022-02-08,12882
2022-02-09,12845
2022-02-10,13697
2022-02-11,14273
2022-02-12,11099
2022-02-13,9826
2022-02-14,13763
2022-02-15,13861
2022-02-16,14043
2022-02-17,11832
2022-02-18,16711
2022-02-19,12509
2022-02-20,10573
2022-02-21,11664
2022-02-22,14503
2022-02-23,16268
2022-02-24,17482
2022-02-25,18249
2022-02-26,14688
2022-02-27,11329
2022-02-28,13745
2022-03-01,14631
2022-03-02,15342
2022-03-03,17055
2022-03-04,18295
2022-03-05,15333
2022-03-06,12796
2022-03-07,15480
2022-03-08,15396
2022-03-09,16071
2022-03-10,17824
2022-03-11,17686
2022-03-12,17801
2022-03-13,11957
2022-03-14,15859
2022-03-15,16269
2022-03-16,16498
2022-03-17,18457
2022-03-18,19568
2022-03-19,13683
2022-03-20,12403
2022-03-21,17017
2022-03-22,19709
2022-03-23,20006
2022-03-24,21620
2022-03-25,20384
2022-03-26,14735
2022-03-27,12983
2022-03-28,17287
2022-03-29,18065
2022-03-30,18948
2022-03-31,19270
2022-04-01,19448
2022-04-02,14851
2022-04-03,12036
2022-04-04,16366
2022-04-05,18328
2022-04-06,19212
2022-04-07,21084
2022-04-08,20829
2022-04-09,15273
2022-04-10,13948
2022-04-11,15516
2022-04-12,16677
2022-04-13,17569
2022-04-14,19238
2022-04-15,18453
2022-04-16,15176
2022-04-17,12839
2022-04-18,16252
2022-04-19,17204
2022-04-20,18164
2022-04-21,18132
2022-04-22,19198
2022-04-23,15170
2022-04-24,14019
2022-04-25,18400
2022-04-26,19023
2022-04-27,20586
2022-04-28,20802
2022-04-29,21681
2022-04-30,16032
2022-05-01,14073
2022-05-02,16372
2022-05-03,19561
2022-05-04,20073
2022-05-05,21229
2022-05-06,21641
2022-05-07,16595
2022-05-08,14664
2022-05-09,18338
2022-05-10,20609
2022-05-11,21730
2022-05-12,21746
2022-05-13,21748
2022-05-14,17205
2022-05-15,15002
2022-05-16,19345
2022-05-17,20350
2022-05-18,21744
2022-05-19,22836
2022-05-20,24263
2022-05-21,20060
2022-05-22,19158
2022-05-23,23390
2022-05-24,21078
2022-05-25,20079
2022-05-26,20052
2022-05-27,19561
2022-05-28,15859
2022-05-29,14913
2022-05-30,14531
2022-05-31,18087
2022-06-01,20436
2022-06-02,23802
2022-06-03,26641
2022-06-04,21916
2022-06-05,19436
2022-06-06,22206
2022-06-07,23120
2022-06-08,22300
2022-06-09,22022
2022-06-10,22083
2022-06-11,18791
2022-06-12,18855
2022-06-13,22740
2022-06-14,24577
2022-06-15,23153
2022-06-16,22560
2022-06-17,22247
2022-06-18,18008
2022-06-19,16253
2022-06-20,18954
2022-06-21,22022
2022-06-22,23524
2022-06-23,24514
2022-06-24,22668
2022-06-25,17878
2022-06-26,17074
2022-06-27,19150
2022-06-28,20610
2022-06-29,20421
2022-06-30,20943
2022-07-01,19169
2022-07-02,15080
2022-07-03,12692
2022-07-04,11970
2022-07-05,16275
2022-07-06,16796
2022-07-07,18395
2022-07-08,18266
2022-07-09,15469
2022-07-10,16086
2022-07-11,20540
2022-07-12,21373
2022-07-13,21629
2022-07-14,22503
2022-07-15,22285
2022-07-16,17149
2022-07-17,15690
2022-07-18,19120
2022-07-19,20679
2022-07-20,22068
2022-07-21,21736
2022-07-22,20616
2022-07-23,16717
2022-07-24,15980
2022-07-25,20638
2022-07-26,21153
2022-07-27,21690
2022-07-28,21134
2022-07-29,20116
2022-07-30,15635
2022-07-31,14216
2022-08-01,18135
2022-08-02,17952
2022-08-03,18740
2022-08-04,22398
2022-08-05,22786
2022-08-06,19075
2022-08-07,16195
2022-08-08,19855
2022-08-09,19429
2022-08-10,19798
2022-08-11,20571
2022-08-12,19677
2022-08-13,16735
2022-08-14,14513
2022-08-15,19695
2022-08-16,19313
2022-08-17,19991
2022-08-18,21640
2022-08-19,22417
2022-08-20,18169
2022-08-21,16140
2022-08-22,19013
2022-08-23,20378
2022-08-24,20727
2022-08-25,21349
2022-08-26,19850
2022-08-27,15526
2022-08-28,14635
2022-08-29,17858
2022-08-30,18142
2022-08-31,17888
2022-09-01,19218
2022-09-02,19164
2022-09-03,15622
2022-09-04,13840
2022-09-05,12741
2022-09-06,18812
2022-09-07,19723
2022-09-08,21132
2022-09-09,21893
2022-09-10,18193
2022-09-11,17926
2022-09-12,23347
2022-09-13,24184
2022-09-14,25523
2022-09-15,25635
2022-09-16,23890
2022-09-17,17819
2022-09-18,16989
2022-09-19,20536
2022-09-20,21991
2022-09-21,22604
2022-09-22,23236
2022-09-23,21881
2022-09-24,15483
2022-09-25,15330
2022-09-26,17698
2022-09-27,20900
2022-09-28,22426
2022-09-29,25063
2022-09-30,25377
2022-10-01,18378
2022-10-02,16419
2022-10-03,19633
2022-10-04,18597
2022-10-05,18420
2022-10-06,22140
2022-10-07,24272
2022-10-08,17072
2022-10-09,14415
2022-10-10,21165
2022-10-11,23675
2022-10-12,23975
2022-10-13,23712
2022-10-14,22852
2022-10-15,15489
2022-10-16,14216
2022-10-17,19793
2022-10-18,20101
2022-10-19,21048
2022-10-20,22069
2022-10-21,21575
2022-10-22,17858
2022-10-23,17620
2022-10-24,24044
2022-10-25,23624
2022-10-26,23302
2022-10-27,21292
2022-10-28,19096
2022-10-29,13835
2022-10-30,12103
2022-10-31,14491
2022-11-01,19318
2022-11-02,19342
2022-11-03,21294
2022-11-04,22408
2022-11-05,16508
2022-11-06,16165
2022-11-07,19916
2022-11-08,17951
2022-11-09,19738
2022-11-10,21090
2022-11-11,18604
2022-11-12,14803
2022-11-13,15325
2022-11-14,19880
2022-11-15,21862
2022-11-16,22181
2022-11-17,22851
2022-11-18,22262
2022-11-19,13906
2022-11-20,11302
2022-11-21,14421
2022-11-22,14975
2022-11-23,13841
2022-11-24,8110
2022-11-25,12711
2022-11-26,17694
2022-11-27,16862
2022-11-28,21215
2022-11-29,22509
2022-11-30,23333
2022-12-01,22378
2022-12-02,20315
2022-12-03,15995
2022-12-04,13884
2022-12-05,16725
2022-12-06,18528
2022-12-07,19895
2022-12-08,21674
2022-12-09,22697
2022-12-10,16040
2022-12-11,13094
2022-12-12,17527
2022-12-13,20403
2022-12-14,22197
2022-12-15,21880
2022-12-16,21426
2022-12-17,16205
2022-12-18,13791
2022-12-19,15920
2022-12-20,17183
2022-12-21,18116
2022-12-22,11698
2022-12-23,9944
2022-12-24,9683
2022-12-25,5740
2022-12-26,9703
2022-12-27,13358
2022-12-28,14001
2022-12-29,13996
2022-12-30,14723
2022-12-31,24417
2023-01-01,11045
2023-01-02,9517
2023-01-03,13181
2023-01-04,13024
2023-01-05,13553
2023-01-06,13278
2023-01-07,9982
2023-01-08,9053
2023-01-09,13316
2023-01-10,14238
2023-01-11,15043
2023-01-12,16515
2023-01-13,15969
2023-01-14,11174
2023-01-15,9660
2023-01-16,11937
2023-01-17,15825
2023-01-18,15713
2023-01-19,16639
2023-01-20,15225
2023-01-21,10361
2023-01-22,9208
2023-01-23,14300
2023-01-24,15312
2023-01-25,15844
2023-01-26,17801
2023-01-27,16130
2023-01-28,10791
2023-01-29,9527
2023-01-30,14543
2023-01-31,16348
2023-02-01,16373
2023-02-02,17181
2023-02-03,15516
2023-02-04,11149
2023-02-05,10237
2023-02-06,14956
2023-02-07,16390
2023-02-08,16537
2023-02-09,17872
2023-02-10,15901
2023-02-11,11343
2023-02-12,9908
2023-02-13,14422
2023-02-14,17019
2023-02-15,18656
2023-02-16,19335
2023-02-17,18868
2023-02-18,12475
2023-02-19,11332
2023-02-20,13769
2023-02-21,17794
2023-02-22,21564
2023-02-23,22033
2023-02-24,21885
2023-02-25,16028
2023-02-26,12483
2023-02-27,17122
2023-02-28,18192
2023-03-01,19241
2023-03-02,21027
2023-03-03,19164
2023-03-04,15487
2023-03-05,14451
2023-03-06,18977
2023-03-07,19795
2023-03-08,18677
2023-03-09,20288
2023-03-10,19774
2023-03-11,18204
2023-03-12,13199
2023-03-13,18613
2023-03-14,20110
2023-03-15,20913
2023-03-16,22686
2023-03-17,20609
2023-03-18,16155
2023-03-19,15436
2023-03-20,22024
2023-03-21,21933
2023-03-22,22449
2023-03-23,21435
2023-03-24,18872
2023-03-25,13783
2023-03-26,13485
2023-03-27,18251
2023-03-28,18692
2023-03-29,19950
2023-03-30,21071
2023-03-31,19884
2023-04-01,16228
2023-04-02,13376
2023-04-03,17866
2023-04-04,19186
2023-04-05,19622
2023-04-06,20394
2023-04-07,18350
2023-04-08,14577
2023-04-09,12818
2023-04-10,17412
2023-04-11,19241
2023-04-12,21084
2023-04-13,22563
2023-04-14,21216
2023-04-15,16146
2023-04-16,16119
2023-04-17,22929
2023-04-18,22235
2023-04-19,22609
2023-04-20,23938
2023-04-21,21210
2023-04-22,16207
2023-04-23,14943
2023-04-24,19759
2023-04-25,20393
2023-04-26,21508
2023-04-27,23188
2023-04-28,22088
2023-04-29,16106
2023-04-30,16228
2023-05-01,44